ticker,date
20MICRONS.NS,05-08-2026
21STCENMGM.NS,05-08-2026
360ONE.NS,05-08-2026
3BBLACKBIO.NS,05-08-2026
3IINFOLTD.NS,05-08-2026
3MINDIA.NS,05-08-2026
3PLAND.NS,05-08-2026
5PAISA.NS,05-08-2026
63MOONS.NS,05-08-2026
A2ZINFRA.NS,05-08-2026
AAATECH.NS,05-08-2026
AADHARHFC.NS,05-08-2026
AAKASH.NS,05-08-2026
AAREYDRUGS.NS,05-08-2026
AARNAV.NS,05-08-2026
AARON.NS,05-08-2026
AARTECH.NS,05-08-2026
AARTIDRUGS.NS,05-08-2026
AARTIIND.NS,05-08-2026
AARTIPHARM.NS,05-08-2026
AARTISURF.NS,05-08-2026
AARVI.NS,05-08-2026
AAVAS.NS,05-08-2026
ABANSENT.NS,05-08-2026
ABB.NS,05-08-2026
ABBOTINDIA.NS,05-08-2026
ABCAPITAL.NS,05-08-2026
ABCOTS.NS,05-08-2026
ABDL.NS,05-08-2026
ABFRL.NS,05-08-2026
ABINFRA.NS,05-08-2026
ABLBL.NS,05-08-2026
ABMINTLLTD.NS,05-08-2026
ABMKNO.NS,05-08-2026
ABREL.NS,05-08-2026
ABSLAMC.NS,05-08-2026
ACC.NS,05-08-2026
ACCELYA.NS,05-08-2026
ACCURACY.NS,05-08-2026
ACE.NS,05-08-2026
ACEINTEG.NS,05-08-2026
ACI.NS,05-08-2026
ACL.NS,05-08-2026
ACMESOLAR.NS,05-08-2026
ACSTECH.NS,05-08-2026
ACUTAAS.NS,05-08-2026
ADANIENSOL.NS,05-08-2026
ADANIENT.NS,05-08-2026
ADANIGREEN.NS,05-08-2026
ADANIPORTS.NS,05-08-2026
ADANIPOWER.NS,05-08-2026
ADFFOODS.NS,05-08-2026
ADL.NS,05-08-2026
ADOR.NS,05-08-2026
ADROITINFO.NS,05-08-2026
ADSL.NS,05-08-2026
ADVAIT.NS,05-08-2026
ADVANCE.NS,05-08-2026
ADVANIHOTR.NS,05-08-2026
ADVENTHTL.NS,05-08-2026
ADVENZYMES.NS,05-08-2026
AEGISLOG.NS,05-08-2026
AEGISVOPAK.NS,05-08-2026
AEPL.NS,05-08-2026
AEQUS.NS,05-08-2026
AEROENTER.NS,05-08-2026
AEROFLEX.NS,05-08-2026
AERONEU.NS,05-08-2026
AETHER.NS,05-08-2026
AFCONS.NS,05-08-2026
AFFLE.NS,05-08-2026
AFFORDABLE.NS,05-08-2026
AFIL.NS,05-08-2026
AFSL.NS,05-08-2026
AGARIND.NS,05-08-2026
AGARWALEYE.NS,05-08-2026
AGI.NS,05-08-2026
AGIIL.NS,05-08-2026
AGRITECH.NS,05-08-2026
AGROPHOS.NS,05-08-2026
AHCL.NS,05-08-2026
AHLADA.NS,05-08-2026
AHLEAST.NS,05-08-2026
AHLUCONT.NS,05-08-2026
AHLWEST.NS,05-08-2026
AIAENG.NS,05-08-2026
AIIL.NS,05-08-2026
AIRAN.NS,05-08-2026
AIROLAM.NS,05-08-2026
AJANTPHARM.NS,05-08-2026
AJAXENGG.NS,05-08-2026
AJMERA.NS,05-08-2026
AJOONI.NS,05-08-2026
AKASH.NS,05-08-2026
AKCAPIT.NS,05-08-2026
AKG.NS,05-08-2026
AKI.NS,05-08-2026
AKSHAR.NS,05-08-2026
AKSHARCHEM.NS,05-08-2026
AKSHOPTFBR.NS,05-08-2026
AKUMS.NS,05-08-2026
ALANKIT.NS,05-08-2026
ALBERTDAVD.NS,05-08-2026
ALEMBICLTD.NS,05-08-2026
ALGOQUANT.NS,05-08-2026
ALICON.NS,05-08-2026
ALIVUS.NS,05-08-2026
ALKALI.NS,05-08-2026
ALKEM.NS,05-08-2026
ALKYLAMINE.NS,05-08-2026
ALLCARGO.NS,05-08-2026
ALLDIGI.NS,05-08-2026
ALLTIME.NS,05-08-2026
ALMONDZ.NS,05-08-2026
ALOKINDS.NS,05-08-2026
ALPA.NS,05-08-2026
ALPHAGEO.NS,05-08-2026
AMAGI.NS,05-08-2026
AMANTA.NS,05-08-2026
AMBALALSA.NS,05-08-2026
AMBER.NS,05-08-2026
AMBICAAGAR.NS,05-08-2026
AMBIKCO.NS,05-08-2026
AMBUJACEM.NS,05-08-2026
AMDIND.NS,05-08-2026
AMIRCHAND.NS,05-08-2026
AMJLAND.NS,05-08-2026
AMNPLST.NS,05-08-2026
AMRUTANJAN.NS,05-08-2026
ANANDRATHI.NS,05-08-2026
ANANTRAJ.NS,05-08-2026
ANDHRAPAP.NS,05-08-2026
ANDHRSUGAR.NS,05-08-2026
ANGELONE.NS,05-08-2026
ANIKINDS.NS,05-08-2026
ANKITMETAL.NS,05-08-2026
ANMOL.NS,05-08-2026
ANSALAPI.NS,05-08-2026
ANTELOPUS.NS,05-08-2026
ANTGRAPHIC.NS,05-08-2026
ANTHEM.NS,05-08-2026
ANUHPHR.NS,05-08-2026
ANUP.NS,05-08-2026
ANURAS.NS,05-08-2026
APARINDS.NS,05-08-2026
APCL.NS,05-08-2026
APCOTEXIND.NS,05-08-2026
APEX.NS,05-08-2026
APLAPOLLO.NS,05-08-2026
APLLTD.NS,05-08-2026
APOLLO.NS,05-08-2026
APOLLOHOSP.NS,05-08-2026
APOLLOPIPE.NS,05-08-2026
APOLLOTYRE.NS,05-08-2026
APOLSINHOT.NS,05-08-2026
APTECHT.NS,05-08-2026
APTUS.NS,05-08-2026
AQYLON.NS,05-08-2026
ARCHIDPLY.NS,05-08-2026
ARCHIES.NS,05-08-2026
ARE&M.NS,05-08-2026
ARENTERP.NS,05-08-2026
ARFIN.NS,05-08-2026
ARIES.NS,05-08-2026
ARIHANT.NS,05-08-2026
ARIHANTCAP.NS,05-08-2026
ARIHANTSUP.NS,05-08-2026
ARIS.NS,05-08-2026
ARKADE.NS,05-08-2026
ARMANFIN.NS,05-08-2026
AROGRANITE.NS,05-08-2026
ARROWGREEN.NS,05-08-2026
ARSHIYA.NS,05-08-2026
ARSSBL.NS,05-08-2026
ARTEMISMED.NS,05-08-2026
ARTNIRMAN.NS,05-08-2026
ARVEE.NS,05-08-2026
ARVIND.NS,05-08-2026
ARVINDFASN.NS,05-08-2026
ARVSMART.NS,05-08-2026
ASAHIINDIA.NS,05-08-2026
ASAHISONG.NS,05-08-2026
ASAL.NS,05-08-2026
ASALCBR.NS,05-08-2026
ASHAPURMIN.NS,05-08-2026
ASHIANA.NS,05-08-2026
ASHIKA.NS,05-08-2026
ASHIMASYN.NS,05-08-2026
ASHOKA.NS,05-08-2026
ASHOKAMET.NS,05-08-2026
ASHOKLEY.NS,05-08-2026
ASIANENE.NS,05-08-2026
ASIANHOTNR.NS,05-08-2026
ASIANPAINT.NS,05-08-2026
ASIANTILES.NS,05-08-2026
ASKAUTOLTD.NS,05-08-2026
ASMS.NS,05-08-2026
ASPINWALL.NS,05-08-2026
ASTAR.NS,05-08-2026
ASTEC.NS,05-08-2026
ASTERDM.NS,05-08-2026
ASTRAL.NS,05-08-2026
ASTRAMICRO.NS,05-08-2026
ASTRAZEN.NS,05-08-2026
ASTRON.NS,05-08-2026
ATALREAL.NS,05-08-2026
ATAM.NS,05-08-2026
ATGL.NS,05-08-2026
ATHERENERG.NS,05-08-2026
ATL.NS,05-08-2026
ATLANTAA.NS,05-08-2026
ATLANTAELE.NS,05-08-2026
ATLASCYCLE.NS,05-08-2026
ATUL.NS,05-08-2026
ATULAUTO.NS,05-08-2026
AUBANK.NS,05-08-2026
AURIGROW.NS,05-08-2026
AURIONPRO.NS,05-08-2026
AUROPHARMA.NS,05-08-2026
AURUM.NS,05-08-2026
AUSOMENT.NS,05-08-2026
AUTOAXLES.NS,05-08-2026
AUTOIND.NS,05-08-2026
AVADHSUGAR.NS,05-08-2026
AVALON.NS,05-08-2026
AVANTEL.NS,05-08-2026
AVANTIFEED.NS,05-08-2026
AVG.NS,05-08-2026
AVL.NS,05-08-2026
AVONMORE.NS,05-08-2026
AVROIND.NS,05-08-2026
AVTNPL.NS,05-08-2026
AWFIS.NS,05-08-2026
AWHCL.NS,05-08-2026
AWL.NS,05-08-2026
AXISBANK.NS,05-08-2026
AXISCADES.NS,05-08-2026
AXITA.NS,05-08-2026
AYE.NS,05-08-2026
AYMSYNTEX.NS,05-08-2026
AZAD.NS,05-08-2026
BAFNAPH.NS,05-08-2026
BAGFILMS.NS,05-08-2026
BAIDFIN.NS,05-08-2026
BAJAJ-AUTO.NS,05-08-2026
BAJAJCON.NS,05-08-2026
BAJAJELEC.NS,05-08-2026
BAJAJFINSV.NS,05-08-2026
BAJAJHCARE.NS,05-08-2026
BAJAJHFL.NS,05-08-2026
BAJAJHIND.NS,05-08-2026
BAJAJHLDNG.NS,05-08-2026
BAJAJINDEF.NS,05-08-2026
BAJAJST.NS,05-08-2026
BAJEL.NS,05-08-2026
BAJFINANCE.NS,05-08-2026
BALAJEE.NS,05-08-2026
BALAJITELE.NS,05-08-2026
BALAMINES.NS,05-08-2026
BALAXI.NS,05-08-2026
BALKRISHNA.NS,05-08-2026
BALKRISIND.NS,05-08-2026
BALMLAWRIE.NS,05-08-2026
BALPHARMA.NS,05-08-2026
BALRAMCHIN.NS,05-08-2026
BALUFORGE.NS,05-08-2026
BANARBEADS.NS,05-08-2026
BANARISUG.NS,05-08-2026
BANCOINDIA.NS,05-08-2026
BANDHANBNK.NS,05-08-2026
BANG.NS,05-08-2026
BANKA.NS,05-08-2026
BANKBARODA.NS,05-08-2026
BANKINDIA.NS,05-08-2026
BANSALWIRE.NS,05-08-2026
BANSWRAS.NS,05-08-2026
BASF.NS,05-08-2026
BASML.NS,05-08-2026
BATAINDIA.NS,05-08-2026
BATLIBOI.NS,05-08-2026
BAYERCROP.NS,05-08-2026
BBL.NS,05-08-2026
BBOX.NS,05-08-2026
BBTC.NS,05-08-2026
BBTCL.NS,05-08-2026
BCG.NS,05-08-2026
BCLIND.NS,05-08-2026
BCONCEPTS.NS,05-08-2026
BCPL.NS,05-08-2026
BDL.NS,05-08-2026
BEARDSELL.NS,05-08-2026
BECTORFOOD.NS,05-08-2026
BEDMUTHA.NS,05-08-2026
BEEKAY.NS,05-08-2026
BEL.NS,05-08-2026
BELLACASA.NS,05-08-2026
BELRISE.NS,05-08-2026
BEML.NS,05-08-2026
BENGALASM.NS,05-08-2026
BEPL.NS,05-08-2026
BERGEPAINT.NS,05-08-2026
BESTAGRO.NS,05-08-2026
BETA.NS,05-08-2026
BFINVEST.NS,05-08-2026
BFUTILITIE.NS,05-08-2026
BGRENERGY.NS,05-08-2026
BHAGCHEM.NS,05-08-2026
BHAGERIA.NS,05-08-2026
BHAGYANGR.NS,05-08-2026
BHANDARI.NS,05-08-2026
BHARATCOAL.NS,05-08-2026
BHARATFORG.NS,05-08-2026
BHARATGEAR.NS,05-08-2026
BHARATRAS.NS,05-08-2026
BHARATSE.NS,05-08-2026
BHARATWIRE.NS,05-08-2026
BHARTIARTL.NS,05-08-2026
BHARTIHEXA.NS,05-08-2026
BHEL.NS,05-08-2026
BI.NS,05-08-2026
BIGBLOC.NS,05-08-2026
BIKAJI.NS,05-08-2026
BIL.NS,05-08-2026
BILVYAPAR.NS,05-08-2026
BIMETAL.NS,05-08-2026
BIOCON.NS,05-08-2026
BIOFILCHEM.NS,05-08-2026
BIRLACABLE.NS,05-08-2026
BIRLACORPN.NS,05-08-2026
BIRLAMONEY.NS,05-08-2026
BIRLANU.NS,05-08-2026
BIRLAPREC.NS,05-08-2026
BLACKBUCK.NS,05-08-2026
BLACKROSE.NS,05-08-2026
BLAL.NS,05-08-2026
BLBLIMITED.NS,05-08-2026
BLIL.NS,05-08-2026
BLISSGVS.NS,05-08-2026
BLKASHYAP.NS,05-08-2026
BLS.NS,05-08-2026
BLSE.NS,05-08-2026
BLUECOAST.NS,05-08-2026
BLUEDART.NS,05-08-2026
BLUEJET.NS,05-08-2026
BLUESTARCO.NS,05-08-2026
BLUESTONE.NS,05-08-2026
BLUSPRING.NS,05-08-2026
BMWVENTLTD.NS,05-08-2026
BNAGROCHEM.NS,05-08-2026
BNALTD.NS,05-08-2026
BODALCHEM.NS,05-08-2026
BOHRAIND.NS,05-08-2026
BOMDYEING.NS,05-08-2026
BONLON.NS,05-08-2026
BORANA.NS,05-08-2026
BOROLTD.NS,05-08-2026
BORORENEW.NS,05-08-2026
BOROSCI.NS,05-08-2026
BOSCH-HCIL.NS,05-08-2026
BOSCHLTD.NS,05-08-2026
BPCL.NS,05-08-2026
BPL.NS,05-08-2026
BRIGADE.NS,05-08-2026
BRIGHOTEL.NS,05-08-2026
BRITANNIA.NS,05-08-2026
BRNL.NS,05-08-2026
BROOKS.NS,05-08-2026
BSE.NS,05-08-2026
BSHSL.NS,05-08-2026
BSL.NS,05-08-2026
BSOFT.NS,05-08-2026
BTML.NS,05-08-2026
BTTL.NS,05-08-2026
BUILDPRO.NS,05-08-2026
BUTTERFLY.NS,05-08-2026
BVCL.NS,05-08-2026
BYKE.NS,05-08-2026
CALSOFT.NS,05-08-2026
CAMLINFINE.NS,05-08-2026
CAMPUS.NS,05-08-2026
CAMS.NS,05-08-2026
CANBK.NS,05-08-2026
CANFINHOME.NS,05-08-2026
CANHLIFE.NS,05-08-2026
CANTABIL.NS,05-08-2026
CAPACITE.NS,05-08-2026
CAPILLARY.NS,05-08-2026
CAPITALSFB.NS,05-08-2026
CAPLIPOINT.NS,05-08-2026
CAPTRUST.NS,05-08-2026
CARBORUNIV.NS,05-08-2026
CARERATING.NS,05-08-2026
CARRARO.NS,05-08-2026
CARTRADE.NS,05-08-2026
CARYSIL.NS,05-08-2026
CASTROLIND.NS,05-08-2026
CCAVENUE.NS,05-08-2026
CCCL.NS,05-08-2026
CCHHL.NS,05-08-2026
CCL.NS,05-08-2026
CDSL.NS,05-08-2026
CEATLTD.NS,05-08-2026
CEIGALL.NS,05-08-2026
CEINSYS.NS,05-08-2026
CELEBRITY.NS,05-08-2026
CELLO.NS,05-08-2026
CEMPRO.NS,05-08-2026
CENTENKA.NS,05-08-2026
CENTEXT.NS,05-08-2026
CENTRALBK.NS,05-08-2026
CENTRUM.NS,05-08-2026
CENTUM.NS,05-08-2026
CENTURYPLY.NS,05-08-2026
CERA.NS,05-08-2026
CEREBRAINT.NS,05-08-2026
CESC.NS,05-08-2026
CEWATER.NS,05-08-2026
CGCL.NS,05-08-2026
CGPOWER.NS,05-08-2026
CHALET.NS,05-08-2026
CHAMBLFERT.NS,05-08-2026
CHEMBOND.NS,05-08-2026
CHEMBONDCH.NS,05-08-2026
CHEMCON.NS,05-08-2026
CHEMFAB.NS,05-08-2026
CHEMPLASTS.NS,05-08-2026
CHENNPETRO.NS,05-08-2026
CHEVIOT.NS,05-08-2026
CHOICEIN.NS,05-08-2026
CHOLAFIN.NS,05-08-2026
CHOLAHLDNG.NS,05-08-2026
CIEINDIA.NS,05-08-2026
CIFL.NS,05-08-2026
CINELINE.NS,05-08-2026
CINEVISTA.NS,05-08-2026
CIPLA.NS,05-08-2026
CLEAN.NS,05-08-2026
CLEANMAX.NS,05-08-2026
CLEDUCATE.NS,05-08-2026
CLSEL.NS,05-08-2026
CMPDI.NS,05-08-2026
CMRGREEN.NS,05-08-2026
CMSINFO.NS,05-08-2026
CNL.NS,05-08-2026
COALINDIA.NS,05-08-2026
COASTCORP.NS,05-08-2026
COCHINSHIP.NS,05-08-2026
COCKERILL.NS,05-08-2026
COFFEEDAY.NS,05-08-2026
COFORGE.NS,05-08-2026
COHANCE.NS,05-08-2026
COLPAL.NS,05-08-2026
COMFINTE.NS,05-08-2026
COMPINFO.NS,05-08-2026
COMPUSOFT.NS,05-08-2026
COMSYN.NS,05-08-2026
CONCOR.NS,05-08-2026
CONCORDBIO.NS,05-08-2026
CONFIPET.NS,05-08-2026
CONSOFINVT.NS,05-08-2026
CONTROLPR.NS,05-08-2026
CORALFINAC.NS,05-08-2026
CORDSCABLE.NS,05-08-2026
COROMANDEL.NS,05-08-2026
CORONA.NS,05-08-2026
COSMOFIRST.NS,05-08-2026
COUNCODOS.NS,05-08-2026
CPCAP.NS,05-08-2026
CPEDU.NS,05-08-2026
CPPLUS.NS,05-08-2026
CRAFTSMAN.NS,05-08-2026
CRAMC.NS,05-08-2026
CREATIVEYE.NS,05-08-2026
CREDITACC.NS,05-08-2026
CREST.NS,05-08-2026
CRISIL.NS,05-08-2026
CRIZAC.NS,05-08-2026
CROMPTON.NS,05-08-2026
CROWN.NS,05-08-2026
CSBBANK.NS,05-08-2026
CSLFINANCE.NS,05-08-2026
CTE.NS,05-08-2026
CUB.NS,05-08-2026
CUBEXTUB.NS,05-08-2026
CUMMINSIND.NS,05-08-2026
CUPID.NS,05-08-2026
CURAA.NS,05-08-2026
CYBERMEDIA.NS,05-08-2026
CYBERTECH.NS,05-08-2026
CYIENT.NS,05-08-2026
CYIENTDLM.NS,05-08-2026
DABUR.NS,05-08-2026
DAICHI.NS,05-08-2026
DALBHARAT.NS,05-08-2026
DALMIASUG.NS,05-08-2026
DAMCAPITAL.NS,05-08-2026
DAMODARIND.NS,05-08-2026
DANGEE.NS,05-08-2026
DATAMATICS.NS,05-08-2026
DATAPATTNS.NS,05-08-2026
DAVANGERE.NS,05-08-2026
DBCORP.NS,05-08-2026
DBEIL.NS,05-08-2026
DBL.NS,05-08-2026
DBOL.NS,05-08-2026
DBREALTY.NS,05-08-2026
DBSTOCKBRO.NS,05-08-2026
DCAL.NS,05-08-2026
DCBBANK.NS,05-08-2026
DCI.NS,05-08-2026
DCM.NS,05-08-2026
DCMFINSERV.NS,05-08-2026
DCMNVL.NS,05-08-2026
DCMSHRIRAM.NS,05-08-2026
DCMSIL.NS,05-08-2026
DCMSRIND.NS,05-08-2026
DCW.NS,05-08-2026
DCXINDIA.NS,05-08-2026
DDEVPLSTIK.NS,05-08-2026
DECCANCE.NS,05-08-2026
DECNGOLD.NS,05-08-2026
DEEDEV.NS,05-08-2026
DEEPAKFERT.NS,05-08-2026
DEEPAKNTR.NS,05-08-2026
DEEPINDS.NS,05-08-2026
DELHIVERY.NS,05-08-2026
DELPHIFX.NS,05-08-2026
DELTACORP.NS,05-08-2026
DELTAMAGNT.NS,05-08-2026
DEN.NS,05-08-2026
DENORA.NS,05-08-2026
DENTA.NS,05-08-2026
DEVIT.NS,05-08-2026
DEVX.NS,05-08-2026
DEVYANI.NS,05-08-2026
DGCONTENT.NS,05-08-2026
DHAMPURSUG.NS,05-08-2026
DHANBANK.NS,05-08-2026
DHANUKA.NS,05-08-2026
DHARAN.NS,05-08-2026
DHARMAJ.NS,05-08-2026
DHRUV.NS,05-08-2026
DHUNINV.NS,05-08-2026
DIACABS.NS,05-08-2026
DIAMINESQ.NS,05-08-2026
DIAMONDYD.NS,05-08-2026
DICIND.NS,05-08-2026
DIFFNKG.NS,05-08-2026
DIGIDRIVE.NS,05-08-2026
DIGISPICE.NS,05-08-2026
DIGITIDE.NS,05-08-2026
DIGJAMLMTD.NS,05-08-2026
DISAQ.NS,05-08-2026
DISHTV.NS,05-08-2026
DIVGIITTS.NS,05-08-2026
DIVISLAB.NS,05-08-2026
DIXON.NS,05-08-2026
DJML.NS,05-08-2026
DLF.NS,05-08-2026
DLINKINDIA.NS,05-08-2026
DMART.NS,05-08-2026
DMCC.NS,05-08-2026
DNAMEDIA.NS,05-08-2026
DODLA.NS,05-08-2026
DOLATALGO.NS,05-08-2026
DOLLAR.NS,05-08-2026
DOLPHIN.NS,05-08-2026
DOMS.NS,05-08-2026
DONEAR.NS,05-08-2026
DPABHUSHAN.NS,05-08-2026
DPSCLTD.NS,05-08-2026
DPWIRES.NS,05-08-2026
DRAGARWQ.NS,05-08-2026
DRCSYSTEMS.NS,05-08-2026
DREAMFOLKS.NS,05-08-2026
DREDGECORP.NS,05-08-2026
DRREDDY.NS,05-08-2026
DSFCL.NS,05-08-2026
DSSL.NS,05-08-2026
DTIL.NS,05-08-2026
DUCON.NS,05-08-2026
DVL.NS,05-08-2026
DWARKESH.NS,05-08-2026
DYCL.NS,05-08-2026
DYNAMATECH.NS,05-08-2026
DYNPRO.NS,05-08-2026
E2E.NS,05-08-2026
EASEMYTRIP.NS,05-08-2026
EASTSILK.NS,05-08-2026
EBGNG.NS,05-08-2026
ECLERX.NS,05-08-2026
ECOSMOBLTY.NS,05-08-2026
EDELWEISS.NS,05-08-2026
EFCIL.NS,05-08-2026
EICHERMOT.NS,05-08-2026
EIDPARRY.NS,05-08-2026
EIEL.NS,05-08-2026
EIFFL.NS,05-08-2026
EIHAHOTELS.NS,05-08-2026
EIHOTEL.NS,05-08-2026
EIMCOELECO.NS,05-08-2026
EKC.NS,05-08-2026
ELANTAS.NS,05-08-2026
ELCIDIN.NS,05-08-2026
ELDEHSG.NS,05-08-2026
ELECON.NS,05-08-2026
ELECTCAST.NS,05-08-2026
ELECTHERM.NS,05-08-2026
ELGIEQUIP.NS,05-08-2026
ELGIRUBCO.NS,05-08-2026
ELIN.NS,05-08-2026
ELITECON.NS,05-08-2026
ELLEN.NS,05-08-2026
ELPROINTL.NS,05-08-2026
EMAMILTD.NS,05-08-2026
EMAMIPAP.NS,05-08-2026
EMAMIREAL.NS,05-08-2026
EMBDL.NS,05-08-2026
EMCURE.NS,05-08-2026
EMIL.NS,05-08-2026
EMKAY.NS,05-08-2026
EMMBI.NS,05-08-2026
EMMVEE.NS,05-08-2026
EMPOWER.NS,05-08-2026
EMSLIMITED.NS,05-08-2026
EMUDHRA.NS,05-08-2026
ENDURANCE.NS,05-08-2026
ENERGYDEV.NS,05-08-2026
ENGINERSIN.NS,05-08-2026
ENIL.NS,05-08-2026
ENRIN.NS,05-08-2026
ENTERO.NS,05-08-2026
EPACK.NS,05-08-2026
EPACKPEB.NS,05-08-2026
EPIGRAL.NS,05-08-2026
EPL.NS,05-08-2026
EQUIPPP.NS,05-08-2026
EQUITASBNK.NS,05-08-2026
ERIS.NS,05-08-2026
ESABINDIA.NS,05-08-2026
ESAFSFB.NS,05-08-2026
ESCORTS.NS,05-08-2026
ESSARSHPNG.NS,05-08-2026
ESSENTIA.NS,05-08-2026
ESTER.NS,05-08-2026
ETERNAL.NS,05-08-2026
ETHOSLTD.NS,05-08-2026
EUREKAFORB.NS,05-08-2026
EUROBOND.NS,05-08-2026
EUROPRATIK.NS,05-08-2026
EUROTEXIND.NS,05-08-2026
EVEREADY.NS,05-08-2026
EVERESTIND.NS,05-08-2026
EXCELINDUS.NS,05-08-2026
EXCELSOFT.NS,05-08-2026
EXICOM.NS,05-08-2026
EXIDEIND.NS,05-08-2026
EXPLEOSOL.NS,05-08-2026
EXXARO.NS,05-08-2026
FABTECH.NS,05-08-2026
FACT.NS,05-08-2026
FAIRCHEMOR.NS,05-08-2026
FAZE3Q.NS,05-08-2026
FCL.NS,05-08-2026
FCSSOFT.NS,05-08-2026
FDC.NS,05-08-2026
FEDDERSHOL.NS,05-08-2026
FEDERALBNK.NS,05-08-2026
FEDFINA.NS,05-08-2026
FEL.NS,05-08-2026
FELDVR.NS,05-08-2026
FERMENTA.NS,05-08-2026
FIBERWEB.NS,05-08-2026
FIEMIND.NS,05-08-2026
FILATEX.NS,05-08-2026
FILATFASH.NS,05-08-2026
FINCABLES.NS,05-08-2026
FINEORG.NS,05-08-2026
FINKURVE.NS,05-08-2026
FINOPB.NS,05-08-2026
FINPIPE.NS,05-08-2026
FIRSTCRY.NS,05-08-2026
FISCHER.NS,05-08-2026
FIVESTAR.NS,05-08-2026
FLAIR.NS,05-08-2026
FLEXITUFF.NS,05-08-2026
FLFL.NS,05-08-2026
FLUOROCHEM.NS,05-08-2026
FMGOETZE.NS,05-08-2026
FMNL.NS,05-08-2026
FOCUS.NS,05-08-2026
FOODSIN.NS,05-08-2026
FORCEMOT.NS,05-08-2026
FORTIS.NS,05-08-2026
FOSECOIND.NS,05-08-2026
FRACTAL.NS,05-08-2026
FRONTSP.NS,05-08-2026
FSL.NS,05-08-2026
FUSION.NS,05-08-2026
GABRIEL.NS,05-08-2026
GAEL.NS,05-08-2026
GAIL.NS,05-08-2026
GALAPREC.NS,05-08-2026
GALAXYSURF.NS,05-08-2026
GALLANTT.NS,05-08-2026
GANDHAR.NS,05-08-2026
GANDHITUBE.NS,05-08-2026
GANECOS.NS,05-08-2026
GANESHBE.NS,05-08-2026
GANESHCP.NS,05-08-2026
GANESHHOU.NS,05-08-2026
GANGAFORGE.NS,05-08-2026
GANGESSECU.NS,05-08-2026
GARFIBRES.NS,05-08-2026
GARUDA.NS,05-08-2026
GATECH.NS,05-08-2026
GATECHDVR.NS,05-08-2026
GATEWAY.NS,05-08-2026
GAUDIUMIVF.NS,05-08-2026
GAYAHWS.NS,05-08-2026
GAYAPROJ.NS,05-08-2026
GCSL.NS,05-08-2026
GEECEE.NS,05-08-2026
GEEKAYWIRE.NS,05-08-2026
GEMAROMA.NS,05-08-2026
GENCON.NS,05-08-2026
GENESYS.NS,05-08-2026
GENUSPAPER.NS,05-08-2026
GENUSPOWER.NS,05-08-2026
GEOJITFSL.NS,05-08-2026
GESHIP.NS,05-08-2026
GFLLIMITED.NS,05-08-2026
GHCL.NS,05-08-2026
GHCLTEXTIL.NS,05-08-2026
GICHSGFIN.NS,05-08-2026
GICL.NS,05-08-2026
GICRE.NS,05-08-2026
GILLANDERS.NS,05-08-2026
GILLETTE.NS,05-08-2026
GINNIFILA.NS,05-08-2026
GIPCL.NS,05-08-2026
GKENERGY.NS,05-08-2026
GKSL.NS,05-08-2026
GKWLIMITED.NS,05-08-2026
GLAND.NS,05-08-2026
GLAXO.NS,05-08-2026
GLENMARK.NS,05-08-2026
GLFL.NS,05-08-2026
GLOBAL.NS,05-08-2026
GLOBALE.NS,05-08-2026
GLOBALVECT.NS,05-08-2026
GLOBE.NS,05-08-2026
GLOBECIVIL.NS,05-08-2026
GLOBUSSPR.NS,05-08-2026
GLOSTERLTD.NS,05-08-2026
GLOTTIS.NS,05-08-2026
GMBREW.NS,05-08-2026
GMDCLTD.NS,05-08-2026
GMMPFAUDLR.NS,05-08-2026
GMRAIRPORT.NS,05-08-2026
GMRP&UI.NS,05-08-2026
GNA.NS,05-08-2026
GNFC.NS,05-08-2026
GNRL.NS,05-08-2026
GOACARBON.NS,05-08-2026
GOCLCORP.NS,05-08-2026
GOCOLORS.NS,05-08-2026
GODAVARIB.NS,05-08-2026
GODFRYPHLP.NS,05-08-2026
GODIGIT.NS,05-08-2026
GODREJAGRO.NS,05-08-2026
GODREJCP.NS,05-08-2026
GODREJIND.NS,05-08-2026
GODREJPROP.NS,05-08-2026
GOKEX.NS,05-08-2026
GOKUL.NS,05-08-2026
GOKULAGRO.NS,05-08-2026
GOLDENTOBC.NS,05-08-2026
GOLDIAM.NS,05-08-2026
GOLDTECH.NS,05-08-2026
GOODLUCK.NS,05-08-2026
GOODYEAR.NS,05-08-2026
GOPAL.NS,05-08-2026
GOYALALUM.NS,05-08-2026
GPIL.NS,05-08-2026
GPPL.NS,05-08-2026
GPTHEALTH.NS,05-08-2026
GPTINFRA.NS,05-08-2026
GRADIENTE.NS,05-08-2026
GRANDOAK.NS,05-08-2026
GRANULES.NS,05-08-2026
GRAPHITE.NS,05-08-2026
GRASIM.NS,05-08-2026
GRAUWEIL.NS,05-08-2026
GRAVISSHO.NS,05-08-2026
GRAVITA.NS,05-08-2026
GREAVESCOT.NS,05-08-2026
GREENLAM.NS,05-08-2026
GREENPANEL.NS,05-08-2026
GREENPLY.NS,05-08-2026
GREENPOWER.NS,05-08-2026
GRINDWELL.NS,05-08-2026
GRINFRA.NS,05-08-2026
GRMOVER.NS,05-08-2026
GROBTEA.NS,05-08-2026
GROWW.NS,05-08-2026
GRPLTD.NS,05-08-2026
GRSE.NS,05-08-2026
GRWRHITECH.NS,05-08-2026
GSFC.NS,05-08-2026
GSLSU.NS,05-08-2026
GSPCROP.NS,05-08-2026
GSS.NS,05-08-2026
GTECJAINX.NS,05-08-2026
GTL.NS,05-08-2026
GTLINFRA.NS,05-08-2026
GTPL.NS,05-08-2026
GUFICBIO.NS,05-08-2026
GUJALKALI.NS,05-08-2026
GUJAPOLLO.NS,05-08-2026
GUJGASLTD.NS,05-08-2026
GUJRAFFIA.NS,05-08-2026
GUJTHEM.NS,05-08-2026
GULFOILLUB.NS,05-08-2026
GULFPETRO.NS,05-08-2026
GULPOLY.NS,05-08-2026
GVKPIL.NS,05-08-2026
GVPIL.NS,05-08-2026
GVPTECH.NS,05-08-2026
GVT&D.NS,05-08-2026
HAL.NS,05-08-2026
HALDER.NS,05-08-2026
HALDYNGL.NS,05-08-2026
HALEOSLABS.NS,05-08-2026
HAPPSTMNDS.NS,05-08-2026
HAPPYFORGE.NS,05-08-2026
HARDWYN.NS,05-08-2026
HARIOMPIPE.NS,05-08-2026
HARRMALAYA.NS,05-08-2026
HARSHA.NS,05-08-2026
HATHWAY.NS,05-08-2026
HATSUN.NS,05-08-2026
HAVELLS.NS,05-08-2026
HAVISHA.NS,05-08-2026
HAWKINCOOK.NS,05-08-2026
HBESD.NS,05-08-2026
HBLENGINE.NS,05-08-2026
HBSL.NS,05-08-2026
HCC.NS,05-08-2026
HCG.NS,05-08-2026
HCL-INSYS.NS,05-08-2026
HCLTECH.NS,05-08-2026
HDBFS.NS,05-08-2026
HDFCAMC.NS,05-08-2026
HDFCBANK.NS,05-08-2026
HDFCLIFE.NS,05-08-2026
HDIL.NS,05-08-2026
HEADSUP.NS,05-08-2026
HEALTHX.NS,05-08-2026
HECPROJECT.NS,05-08-2026
HEG.NS,05-08-2026
HEIDELBERG.NS,05-08-2026
HEMIPROP.NS,05-08-2026
HERANBA.NS,05-08-2026
HERITGFOOD.NS,05-08-2026
HEROMOTOCO.NS,05-08-2026
HESTERBIO.NS,05-08-2026
HEXATRADEX.NS,05-08-2026
HEXT.NS,05-08-2026
HFCL.NS,05-08-2026
HGINFRA.NS,05-08-2026
HGM.NS,05-08-2026
HGS.NS,05-08-2026
HIKAL.NS,05-08-2026
HILINFRA.NS,05-08-2026
HILTON.NS,05-08-2026
HIMATSEIDE.NS,05-08-2026
HINDALCO.NS,05-08-2026
HINDCOMPOS.NS,05-08-2026
HINDCON.NS,05-08-2026
HINDCOPPER.NS,05-08-2026
HINDOILEXP.NS,05-08-2026
HINDPETRO.NS,05-08-2026
HINDUNILVR.NS,05-08-2026
HINDWAREAP.NS,05-08-2026
HINDZINC.NS,05-08-2026
HIRECT.NS,05-08-2026
HISARMETAL.NS,05-08-2026
HITECH.NS,05-08-2026
HITECHCORP.NS,05-08-2026
HITECHGEAR.NS,05-08-2026
HLEGLAS.NS,05-08-2026
HLVLTD.NS,05-08-2026
HMAAGRO.NS,05-08-2026
HMT.NS,05-08-2026
HMVL.NS,05-08-2026
HNDFDS.NS,05-08-2026
HOMEFIRST.NS,05-08-2026
HONASA.NS,05-08-2026
HONAUT.NS,05-08-2026
HONDAPOWER.NS,05-08-2026
HPAL.NS,05-08-2026
HPIL.NS,05-08-2026
HPL.NS,05-08-2026
HSCL.NS,05-08-2026
HTMEDIA.NS,05-08-2026
HUBTOWN.NS,05-08-2026
HUDCO.NS,05-08-2026
HUHTAMAKI.NS,05-08-2026
HYBRIDFIN.NS,05-08-2026
HYUNDAI.NS,05-08-2026
IBULLSLTD.NS,05-08-2026
ICDSLTD.NS,05-08-2026
ICEMAKE.NS,05-08-2026
ICICIAMC.NS,05-08-2026
ICICIBANK.NS,05-08-2026
ICICIGI.NS,05-08-2026
ICICIPRULI.NS,05-08-2026
ICIL.NS,05-08-2026
ICRA.NS,05-08-2026
IDBI.NS,05-08-2026
IDEA.NS,05-08-2026
IDEAFORGE.NS,05-08-2026
IDFCFIRSTB.NS,05-08-2026
IEX.NS,05-08-2026
IFBAGRO.NS,05-08-2026
IFBIND.NS,05-08-2026
IFCI.NS,05-08-2026
IFGLEXPOR.NS,05-08-2026
IGARASHI.NS,05-08-2026
IGCL.NS,05-08-2026
IGIL.NS,05-08-2026
IGL.NS,05-08-2026
IGPL.NS,05-08-2026
IIFL.NS,05-08-2026
IIFLCAPS.NS,05-08-2026
IITL.NS,05-08-2026
IKIO.NS,05-08-2026
IKS.NS,05-08-2026
IL&FSENGG.NS,05-08-2026
IL&FSTRANS.NS,05-08-2026
IMAGICAA.NS,05-08-2026
IMFA.NS,05-08-2026
IMPAL.NS,05-08-2026
INA.NS,05-08-2026
INCREDIBLE.NS,05-08-2026
INDBANK.NS,05-08-2026
INDGN.NS,05-08-2026
INDHOTEL.NS,05-08-2026
INDIACEM.NS,05-08-2026
INDIAGLYCO.NS,05-08-2026
INDIAMART.NS,05-08-2026
INDIANB.NS,05-08-2026
INDIANCARD.NS,05-08-2026
INDIANHUME.NS,05-08-2026
INDIASHLTR.NS,05-08-2026
INDIGO.NS,05-08-2026
INDIGOPNTS.NS,05-08-2026
INDIQUBE.NS,05-08-2026
INDNIPPON.NS,05-08-2026
INDOAMIN.NS,05-08-2026
INDOBORAX.NS,05-08-2026
INDOCO.NS,05-08-2026
INDOFARM.NS,05-08-2026
INDORAMA.NS,05-08-2026
INDOSTAR.NS,05-08-2026
INDOTECH.NS,05-08-2026
INDOTHAI.NS,05-08-2026
INDOUS.NS,05-08-2026
INDOWIND.NS,05-08-2026
INDPRUD.NS,05-08-2026
INDRAMEDCO.NS,05-08-2026
INDSWFTLAB.NS,05-08-2026
INDTERRAIN.NS,05-08-2026
INDUSINDBK.NS,05-08-2026
INDUSTOWER.NS,05-08-2026
INFOBEAN.NS,05-08-2026
INFOMEDIA.NS,05-08-2026
INFY.NS,05-08-2026
INGERRAND.NS,05-08-2026
INNOVACAP.NS,05-08-2026
INNOVANA.NS,05-08-2026
INNOVISION.NS,05-08-2026
INOXGREEN.NS,05-08-2026
INOXINDIA.NS,05-08-2026
INOXWIND.NS,05-08-2026
INSECTICID.NS,05-08-2026
INSPIRISYS.NS,05-08-2026
INTELLECT.NS,05-08-2026
INTENTECH.NS,05-08-2026
INTERARCH.NS,05-08-2026
INTLCONV.NS,05-08-2026
INVENTURE.NS,05-08-2026
INVPRECQ.NS,05-08-2026
IOB.NS,05-08-2026
IOC.NS,05-08-2026
IOLCP.NS,05-08-2026
IONEXCHANG.NS,05-08-2026
IPCALAB.NS,05-08-2026
IPL.NS,05-08-2026
IRB.NS,05-08-2026
IRCON.NS,05-08-2026
IRCTC.NS,05-08-2026
IREDA.NS,05-08-2026
IRFC.NS,05-08-2026
IRIS.NS,05-08-2026
IRISDOREME.NS,05-08-2026
IRMENERGY.NS,05-08-2026
ISFT.NS,05-08-2026
ISGEC.NS,05-08-2026
ISHANCH.NS,05-08-2026
ITC.NS,05-08-2026
ITCHOTELS.NS,05-08-2026
ITDC.NS,05-08-2026
ITI.NS,05-08-2026
IVALUE.NS,05-08-2026
IVC.NS,05-08-2026
IVP.NS,05-08-2026
IWP.NS,05-08-2026
IXIGO.NS,05-08-2026
IZMO.NS,05-08-2026
J&KBANK.NS,05-08-2026
JAGRAN.NS,05-08-2026
JAGSNPHARM.NS,05-08-2026
JAIBALAJI.NS,05-08-2026
JAICORPLTD.NS,05-08-2026
JAINREC.NS,05-08-2026
JAIPURKURT.NS,05-08-2026
JAMNAAUTO.NS,05-08-2026
JARO.NS,05-08-2026
JASH.NS,05-08-2026
JAYAGROGN.NS,05-08-2026
JAYBARMARU.NS,05-08-2026
JAYKAY.NS,05-08-2026
JAYNECOIND.NS,05-08-2026
JAYSREETEA.NS,05-08-2026
JBCHEPHARM.NS,05-08-2026
JBMA.NS,05-08-2026
JETFREIGHT.NS,05-08-2026
JGCHEM.NS,05-08-2026
JHS.NS,05-08-2026
JINDALPHOT.NS,05-08-2026
JINDALPOLY.NS,05-08-2026
JINDALSAW.NS,05-08-2026
JINDALSTEL.NS,05-08-2026
JINDRILL.NS,05-08-2026
JINDWORLD.NS,05-08-2026
JIOFIN.NS,05-08-2026
JISLDVREQS.NS,05-08-2026
JISLJALEQS.NS,05-08-2026
JITFINFRA.NS,05-08-2026
JKCEMENT.NS,05-08-2026
JKIL.NS,05-08-2026
JKIPL.NS,05-08-2026
JKLAKSHMI.NS,05-08-2026
JKPAPER.NS,05-08-2026
JKTYRE.NS,05-08-2026
JLHL.NS,05-08-2026
JMA.NS,05-08-2026
JMFINANCIL.NS,05-08-2026
JNKINDIA.NS,05-08-2026
JOCIL.NS,05-08-2026
JPOLYINVST.NS,05-08-2026
JPPOWER.NS,05-08-2026
JSFB.NS,05-08-2026
JSL.NS,05-08-2026
JSLL.NS,05-08-2026
JSWCEMENT.NS,05-08-2026
JSWDULUX.NS,05-08-2026
JSWENERGY.NS,05-08-2026
JSWHL.NS,05-08-2026
JSWINFRA.NS,05-08-2026
JSWSTEEL.NS,05-08-2026
JTEKTINDIA.NS,05-08-2026
JTLIND.NS,05-08-2026
JUBLCPL.NS,05-08-2026
JUBLFOOD.NS,05-08-2026
JUBLINGREA.NS,05-08-2026
JUBLPHARMA.NS,05-08-2026
JUNIPER.NS,05-08-2026
JUSTDIAL.NS,05-08-2026
JWL.NS,05-08-2026
JYOTHYLAB.NS,05-08-2026
JYOTICNC.NS,05-08-2026
JYOTISTRUC.NS,05-08-2026
KABRAEXTRU.NS,05-08-2026
KAJARIACER.NS,05-08-2026
KAKATCEM.NS,05-08-2026
KALAMANDIR.NS,05-08-2026
KALPATARU.NS,05-08-2026
KALYANI.NS,05-08-2026
KALYANIFRG.NS,05-08-2026
KALYANKJIL.NS,05-08-2026
KAMAHOLD.NS,05-08-2026
KAMATHOTEL.NS,05-08-2026
KAMDHENU.NS,05-08-2026
KAMOPAINTS.NS,05-08-2026
KANANIIND.NS,05-08-2026
KANCHI.NS,05-08-2026
KANORICHEM.NS,05-08-2026
KANPRPLA.NS,05-08-2026
KANSAINER.NS,05-08-2026
KAPSTON.NS,05-08-2026
KARMAENG.NS,05-08-2026
KARURVYSYA.NS,05-08-2026
KAUSHALYA.NS,05-08-2026
KAVDEFENCE.NS,05-08-2026
KAYA.NS,05-08-2026
KAYNES.NS,05-08-2026
KCP.NS,05-08-2026
KCPSUGIND.NS,05-08-2026
KDDL.NS,05-08-2026
KEC.NS,05-08-2026
KECL.NS,05-08-2026
KEEPLEARN.NS,05-08-2026
KEI.NS,05-08-2026
KELLTONTEC.NS,05-08-2026
KENNAMET.NS,05-08-2026
KERNEX.NS,05-08-2026
KESORAMIND.NS,05-08-2026
KEYFINSERV.NS,05-08-2026
KFINTECH.NS,05-08-2026
KHADIM.NS,05-08-2026
KHAICHEM.NS,05-08-2026
KHAITANLTD.NS,05-08-2026
KHANDSE.NS,05-08-2026
KICL.NS,05-08-2026
KILITCH.NS,05-08-2026
KIMS.NS,05-08-2026
KINGFA.NS,05-08-2026
KIOCL.NS,05-08-2026
KIRANVYPAR.NS,05-08-2026
KIRIINDUS.NS,05-08-2026
KIRLFER.NS,05-08-2026
KIRLOSBROS.NS,05-08-2026
KIRLOSENG.NS,05-08-2026
KIRLOSIND.NS,05-08-2026
KIRLPNU.NS,05-08-2026
KISSHT.NS,05-08-2026
KITEX.NS,05-08-2026
KKCL.NS,05-08-2026
KLBRENG-B.NS,05-08-2026
KMEW.NS,05-08-2026
KMSUGAR.NS,05-08-2026
KNAGRI.NS,05-08-2026
KNRCON.NS,05-08-2026
KOHINOOR.NS,05-08-2026
KOKUYOCMLN.NS,05-08-2026
KOLTEPATIL.NS,05-08-2026
KOPRAN.NS,05-08-2026
KOTAKBANK.NS,05-08-2026
KOTARISUG.NS,05-08-2026
KOTHARIPET.NS,05-08-2026
KOTHARIPRO.NS,05-08-2026
KOTIC.NS,05-08-2026
KOTYARK.NS,05-08-2026
KOVAI.NS,05-08-2026
KPEL.NS,05-08-2026
KPIGREEN.NS,05-08-2026
KPIL.NS,05-08-2026
KPITTECH.NS,05-08-2026
KPL.NS,05-08-2026
KPRMILL.NS,05-08-2026
KRBL.NS,05-08-2026
KREBSBIO.NS,05-08-2026
KRIDHANINF.NS,05-08-2026
KRISHANA.NS,05-08-2026
KRISHIVAL.NS,05-08-2026
KRISHNADEF.NS,05-08-2026
KRITI.NS,05-08-2026
KRITIKA.NS,05-08-2026
KRITINUT.NS,05-08-2026
KRN.NS,05-08-2026
KRONOX.NS,05-08-2026
KROSS.NS,05-08-2026
KRSNAA.NS,05-08-2026
KRYSTAL.NS,05-08-2026
KSB.NS,05-08-2026
KSCL.NS,05-08-2026
KSHINTL.NS,05-08-2026
KSHITIJPOL.NS,05-08-2026
KSL.NS,05-08-2026
KSOLVES.NS,05-08-2026
KSR.NS,05-08-2026
KTKBANK.NS,05-08-2026
KUANTUM.NS,05-08-2026
KWIL.NS,05-08-2026
LAGNAM.NS,05-08-2026
LAHOTIOV.NS,05-08-2026
LAKPRE.NS,05-08-2026
LAL.NS,05-08-2026
LALPATHLAB.NS,05-08-2026
LAMBODHARA.NS,05-08-2026
LANCORHOL.NS,05-08-2026
LANDMARK.NS,05-08-2026
LANDSMILL.NS,05-08-2026
LAOPALA.NS,05-08-2026
LASA.NS,05-08-2026
LATENTVIEW.NS,05-08-2026
LATTEYS.NS,05-08-2026
LAURUSLABS.NS,05-08-2026
LAXMICOT.NS,05-08-2026
LAXMIDENTL.NS,05-08-2026
LAXMIINDIA.NS,05-08-2026
LCCINFOTEC.NS,05-08-2026
LEMERITE.NS,05-08-2026
LEMONTREE.NS,05-08-2026
LENSKART.NS,05-08-2026
LEXUS.NS,05-08-2026
LFIC.NS,05-08-2026
LGBBROSLTD.NS,05-08-2026
LGEINDIA.NS,05-08-2026
LGHL.NS,05-08-2026
LIBAS.NS,05-08-2026
LIBERTSHOE.NS,05-08-2026
LICHSGFIN.NS,05-08-2026
LICI.NS,05-08-2026
LIKHITHA.NS,05-08-2026
LINC.NS,05-08-2026
LINCOLN.NS,05-08-2026
LINDEINDIA.NS,05-08-2026
LLOYDSENGG.NS,05-08-2026
LLOYDSENT.NS,05-08-2026
LLOYDSME.NS,05-08-2026
LMW.NS,05-08-2026
LODHA.NS,05-08-2026
LOKESHMACH.NS,05-08-2026
LORDSCHLO.NS,05-08-2026
LOTUSDEV.NS,05-08-2026
LOTUSEYE.NS,05-08-2026
LOVABLE.NS,05-08-2026
LOYALTEX.NS,05-08-2026
LPDC.NS,05-08-2026
LT.NS,05-08-2026
LTF.NS,05-08-2026
LTFOODS.NS,05-08-2026
LTM.NS,05-08-2026
LTTS.NS,05-08-2026
LUMAXIND.NS,05-08-2026
LUMAXTECH.NS,05-08-2026
LUPIN.NS,05-08-2026
LUXIND.NS,05-08-2026
LXCHEM.NS,05-08-2026
LYKALABS.NS,05-08-2026
LYPSAGEMS.NS,05-08-2026
M&M.NS,05-08-2026
M&MFIN.NS,05-08-2026
MAANALU.NS,05-08-2026
MACPOWER.NS,05-08-2026
MADHAV.NS,05-08-2026
MADHAVIPL.NS,05-08-2026
MADHUCON.NS,05-08-2026
MADRASFERT.NS,05-08-2026
MAFATIND.NS,05-08-2026
MAGADSUGAR.NS,05-08-2026
MAGNUM.NS,05-08-2026
MAHABANK.NS,05-08-2026
MAHAPEXLTD.NS,05-08-2026
MAHASTEEL.NS,05-08-2026
MAHEPC.NS,05-08-2026
MAHESHWARI.NS,05-08-2026
MAHLIFE.NS,05-08-2026
MAHLOG.NS,05-08-2026
MAHSCOOTER.NS,05-08-2026
MAHSEAMLES.NS,05-08-2026
MAITHANALL.NS,05-08-2026
MAJESAUT.NS,05-08-2026
MALLCOM.NS,05-08-2026
MALUPAPER.NS,05-08-2026
MAMATA.NS,05-08-2026
MANAKALUCO.NS,05-08-2026
MANAKCOAT.NS,05-08-2026
MANAKSIA.NS,05-08-2026
MANAKSTEEL.NS,05-08-2026
MANALIPETC.NS,05-08-2026
MANAPPURAM.NS,05-08-2026
MANBA.NS,05-08-2026
MANCREDIT.NS,05-08-2026
MANGALAM.NS,05-08-2026
MANGLMCEM.NS,05-08-2026
MANINDS.NS,05-08-2026
MANINFRA.NS,05-08-2026
MANKIND.NS,05-08-2026
MANOMAY.NS,05-08-2026
MANORAMA.NS,05-08-2026
MANORG.NS,05-08-2026
MANUGRAPH.NS,05-08-2026
MANYAVAR.NS,05-08-2026
MAPMYINDIA.NS,05-08-2026
MARALOVER.NS,05-08-2026
MARATHON.NS,05-08-2026
MARICO.NS,05-08-2026
MARINE.NS,05-08-2026
MARKOLINES.NS,05-08-2026
MARKSANS.NS,05-08-2026
MARSONS.NS,05-08-2026
MARUTI.NS,05-08-2026
MASFIN.NS,05-08-2026
MASKINVEST.NS,05-08-2026
MASTEK.NS,05-08-2026
MASTERTR.NS,05-08-2026
MATRIMONY.NS,05-08-2026
MAWANASUG.NS,05-08-2026
MAXESTATES.NS,05-08-2026
MAXHEALTH.NS,05-08-2026
MAXIND.NS,05-08-2026
MAYURUNIQ.NS,05-08-2026
MAZDA.NS,05-08-2026
MAZDOCK.NS,05-08-2026
MBAPL.NS,05-08-2026
MBEL.NS,05-08-2026
MBLINFRA.NS,05-08-2026
MCCHRLS-B.NS,05-08-2026
MCL.NS,05-08-2026
MCLEODRUSS.NS,05-08-2026
MCLOUD.NS,05-08-2026
MCX.NS,05-08-2026
MEDANTA.NS,05-08-2026
MEDIASSIST.NS,05-08-2026
MEDICAMEQ.NS,05-08-2026
MEDICO.NS,05-08-2026
MEDPLUS.NS,05-08-2026
MEESHO.NS,05-08-2026
MEGASTAR.NS,05-08-2026
MEIL.NS,05-08-2026
MENNPIS.NS,05-08-2026
MENONBE.NS,05-08-2026
MEP.NS,05-08-2026
MERCANTILE.NS,05-08-2026
MERCURYEV.NS,05-08-2026
METROBRAND.NS,05-08-2026
METROGLOBL.NS,05-08-2026
METROPOLIS.NS,05-08-2026
MFML.NS,05-08-2026
MFSL.NS,05-08-2026
MGEL.NS,05-08-2026
MGL.NS,05-08-2026
MHLXMIRU.NS,05-08-2026
MHRIL.NS,05-08-2026
MICEL.NS,05-08-2026
MIDHANI.NS,05-08-2026
MIDWESTLTD.NS,05-08-2026
MINDACORP.NS,05-08-2026
MINDTECK.NS,05-08-2026
MIRCELECTR.NS,05-08-2026
MIRZAINT.NS,05-08-2026
MITCON.NS,05-08-2026
MITTAL.NS,05-08-2026
MKPL.NS,05-08-2026
MMFL.NS,05-08-2026
MMP.NS,05-08-2026
MMTC.NS,05-08-2026
MMWL.NS,05-08-2026
MOBIKWIK.NS,05-08-2026
MODINATUR.NS,05-08-2026
MODIRUBBER.NS,05-08-2026
MODIS.NS,05-08-2026
MODISONLTD.NS,05-08-2026
MODTHREAD.NS,05-08-2026
MOHITIND.NS,05-08-2026
MOIL.NS,05-08-2026
MOKSH.NS,05-08-2026
MOL.NS,05-08-2026
MOLDTECH.NS,05-08-2026
MOLDTKPAC.NS,05-08-2026
MONARCH.NS,05-08-2026
MONEYBOXX.NS,05-08-2026
MONTECARLO.NS,05-08-2026
MORARJEE.NS,05-08-2026
MOREPENLAB.NS,05-08-2026
MOSCHIP.NS,05-08-2026
MOTHERSON.NS,05-08-2026
MOTILALOFS.NS,05-08-2026
MOTISONS.NS,05-08-2026
MOTOGENFIN.NS,05-08-2026
MPHASIS.NS,05-08-2026
MPSLTD.NS,05-08-2026
MRF.NS,05-08-2026
MRPL.NS,05-08-2026
MSPL.NS,05-08-2026
MSTCLTD.NS,05-08-2026
MSUMI.NS,05-08-2026
MTARTECH.NS,05-08-2026
MTEDUCARE.NS,05-08-2026
MTNL.NS,05-08-2026
MUFIN.NS,05-08-2026
MUFTI.NS,05-08-2026
MUKANDLTD.NS,05-08-2026
MUKKA.NS,05-08-2026
MUKTAARTS.NS,05-08-2026
MUNJALAU.NS,05-08-2026
MUNJALSHOW.NS,05-08-2026
MURUDCERA.NS,05-08-2026
MUTHOOTCAP.NS,05-08-2026
MUTHOOTFIN.NS,05-08-2026
MUTHOOTMF.NS,05-08-2026
MVGJL.NS,05-08-2026
MWL.NS,05-08-2026
NACLIND.NS,05-08-2026
NAGREEKCAP.NS,05-08-2026
NAGREEKEXP.NS,05-08-2026
NAHARCAP.NS,05-08-2026
NAHARINDUS.NS,05-08-2026
NAHARPOLY.NS,05-08-2026
NAHARSPING.NS,05-08-2026
NAM-INDIA.NS,05-08-2026
NARMADA.NS,05-08-2026
NATCAPSUQ.NS,05-08-2026
NATCOPHARM.NS,05-08-2026
NATHBIOGEN.NS,05-08-2026
NATIONALUM.NS,05-08-2026
NATIONSTD.NS,05-08-2026
NAUKRI.NS,05-08-2026
NAVA.NS,05-08-2026
NAVINFLUOR.NS,05-08-2026
NAVKARCORP.NS,05-08-2026
NAVKARURB.NS,05-08-2026
NAVNETEDUL.NS,05-08-2026
NAZARA.NS,05-08-2026
NBCC.NS,05-08-2026
NBIFIN.NS,05-08-2026
NCC.NS,05-08-2026
NCLIND.NS,05-08-2026
NDGL.NS,05-08-2026
NDL.NS,05-08-2026
NDLVENTURE.NS,05-08-2026
NDRAUTO.NS,05-08-2026
NDTV.NS,05-08-2026
NEAGI.NS,05-08-2026
NECCLTD.NS,05-08-2026
NECLIFE.NS,05-08-2026
NELCAST.NS,05-08-2026
NELCO.NS,05-08-2026
NEOGEN.NS,05-08-2026
NEPHROPLUS.NS,05-08-2026
NESCO.NS,05-08-2026
NESTLEIND.NS,05-08-2026
NETWEB.NS,05-08-2026
NETWORK18.NS,05-08-2026
NEULANDLAB.NS,05-08-2026
NEWGEN.NS,05-08-2026
NEXTMEDIA.NS,05-08-2026
NFL.NS,05-08-2026
NGIL.NS,05-08-2026
NGLFINE.NS,05-08-2026
NH.NS,05-08-2026
NHPC.NS,05-08-2026
NIACL.NS,05-08-2026
NIBE.NS,05-08-2026
NIBL.NS,05-08-2026
NIITLTD.NS,05-08-2026
NIITMTS.NS,05-08-2026
NILAINFRA.NS,05-08-2026
NILASPACES.NS,05-08-2026
NILE.NS,05-08-2026
NILKAMAL.NS,05-08-2026
NIMBSPROJ.NS,05-08-2026
NINSYS.NS,05-08-2026
NIPPOBATRY.NS,05-08-2026
NIRAJ.NS,05-08-2026
NIRAJISPAT.NS,05-08-2026
NIRLON.NS,05-08-2026
NITCO.NS,05-08-2026
NITINSPIN.NS,05-08-2026
NITIRAJ.NS,05-08-2026
NITTAGELA.NS,05-08-2026
NIVABUPA.NS,05-08-2026
NKIND.NS,05-08-2026
NLCINDIA.NS,05-08-2026
NMDC.NS,05-08-2026
NOCIL.NS,05-08-2026
NOIDATOLL.NS,05-08-2026
NORBTEAEXP.NS,05-08-2026
NORTHARC.NS,05-08-2026
NOVAAGRI.NS,05-08-2026
NOVARTIND.NS,05-08-2026
NPST.NS,05-08-2026
NRAIL.NS,05-08-2026
NRBBEARING.NS,05-08-2026
NRL.NS,05-08-2026
NSIL.NS,05-08-2026
NSLNISP.NS,05-08-2026
NTPC.NS,05-08-2026
NTPCGREEN.NS,05-08-2026
NUCLEUS.NS,05-08-2026
NURECA.NS,05-08-2026
NUVAMA.NS,05-08-2026
NUVOCO.NS,05-08-2026
NYKAA.NS,05-08-2026
OAL.NS,05-08-2026
OBCL.NS,05-08-2026
OBEROIRLTY.NS,05-08-2026
OCCLLTD.NS,05-08-2026
ODIGMA.NS,05-08-2026
OFSS.NS,05-08-2026
OIL.NS,05-08-2026
OILCOUNTUB.NS,05-08-2026
OLAELEC.NS,05-08-2026
OLECTRA.NS,05-08-2026
OMAXAUTO.NS,05-08-2026
OMAXE.NS,05-08-2026
OMFREIGHT.NS,05-08-2026
OMINFRAL.NS,05-08-2026
OMNI.NS,05-08-2026
OMPOWER.NS,05-08-2026
ONELIFECAP.NS,05-08-2026
ONEPOINT.NS,05-08-2026
ONESOURCE.NS,05-08-2026
ONGC.NS,05-08-2026
ONMOBILE.NS,05-08-2026
ONWARDTEC.NS,05-08-2026
OPTIEMUS.NS,05-08-2026
ORBTEXP.NS,05-08-2026
ORCHASP.NS,05-08-2026
ORCHPHARMA.NS,05-08-2026
ORICONENT.NS,05-08-2026
ORIENTALTL.NS,05-08-2026
ORIENTBELL.NS,05-08-2026
ORIENTCEM.NS,05-08-2026
ORIENTCER.NS,05-08-2026
ORIENTELEC.NS,05-08-2026
ORIENTHOT.NS,05-08-2026
ORIENTLTD.NS,05-08-2026
ORIENTPPR.NS,05-08-2026
ORIENTTECH.NS,05-08-2026
ORISSAMINE.NS,05-08-2026
ORKLAINDIA.NS,05-08-2026
ORTEL.NS,05-08-2026
ORTINGLOBE.NS,05-08-2026
OSIAHYPER.NS,05-08-2026
OSWALAGRO.NS,05-08-2026
OSWALGREEN.NS,05-08-2026
OSWALPUMPS.NS,05-08-2026
OSWALSEEDS.NS,05-08-2026
PACEDIGITK.NS,05-08-2026
PAGEIND.NS,05-08-2026
PAISALO.NS,05-08-2026
PAKKA.NS,05-08-2026
PALASHSECU.NS,05-08-2026
PALREDTEC.NS,05-08-2026
PANACEABIO.NS,05-08-2026
PANACHE.NS,05-08-2026
PANAMAPET.NS,05-08-2026
PANSARI.NS,05-08-2026
PAR.NS,05-08-2026
PARACABLES.NS,05-08-2026
PARADEEP.NS,05-08-2026
PARAGMILK.NS,05-08-2026
PARAS.NS,05-08-2026
PARASPETRO.NS,05-08-2026
PARKHOSPS.NS,05-08-2026
PARKHOTELS.NS,05-08-2026
PARSVNATH.NS,05-08-2026
PASHUPATI.NS,05-08-2026
PASUPTAC.NS,05-08-2026
PATANJALI.NS,05-08-2026
PATELENG.NS,05-08-2026
PATELRMART.NS,05-08-2026
PATINTLOG.NS,05-08-2026
PAUSHAKLTD.NS,05-08-2026
PAVNAIND.NS,05-08-2026
PAYTM.NS,05-08-2026
PCBL.NS,05-08-2026
PCJEWELLER.NS,05-08-2026
PDMJEPAPER.NS,05-08-2026
PDSL.NS,05-08-2026
PEARLPOLY.NS,05-08-2026
PENIND.NS,05-08-2026
PENINLAND.NS,05-08-2026
PERSISTENT.NS,05-08-2026
PETRONET.NS,05-08-2026
PFC.NS,05-08-2026
PFIZER.NS,05-08-2026
PFOCUS.NS,05-08-2026
PFS.NS,05-08-2026
PGEL.NS,05-08-2026
PGHH.NS,05-08-2026
PGHL.NS,05-08-2026
PGIL.NS,05-08-2026
PHOENIXLTD.NS,05-08-2026
PICCADIL.NS,05-08-2026
PIDILITIND.NS,05-08-2026
PIGL.NS,05-08-2026
PIIND.NS,05-08-2026
PILANIINVS.NS,05-08-2026
PILITA.NS,05-08-2026
PINELABS.NS,05-08-2026
PIONEEREMB.NS,05-08-2026
PIONRINV.NS,05-08-2026
PIRAMALFIN.NS,05-08-2026
PITTIENG.NS,05-08-2026
PIXTRANS.NS,05-08-2026
PKTEA.NS,05-08-2026
PLASTIBLEN.NS,05-08-2026
PLATIND.NS,05-08-2026
PLAZACABLE.NS,05-08-2026
PML.NS,05-08-2026
PNB.NS,05-08-2026
PNBGILTS.NS,05-08-2026
PNBHOUSING.NS,05-08-2026
PNC.NS,05-08-2026
PNCINFRA.NS,05-08-2026
PNGJL.NS,05-08-2026
PNGSREVA.NS,05-08-2026
POCL.NS,05-08-2026
PODDARMENT.NS,05-08-2026
POKARNA.NS,05-08-2026
POLICYBZR.NS,05-08-2026
POLYCAB.NS,05-08-2026
POLYMED.NS,05-08-2026
POLYPLEX.NS,05-08-2026
PONNIERODE.NS,05-08-2026
POONAWALLA.NS,05-08-2026
POWERGRID.NS,05-08-2026
POWERICA.NS,05-08-2026
POWERINDIA.NS,05-08-2026
POWERMECH.NS,05-08-2026
PPAP.NS,05-08-2026
PPL.NS,05-08-2026
PPLPHARMA.NS,05-08-2026
PRABHA.NS,05-08-2026
PRADPME.NS,05-08-2026
PRAENG.NS,05-08-2026
PRAJIND.NS,05-08-2026
PRAKASH.NS,05-08-2026
PRAKASHSTL.NS,05-08-2026
PRAVEG.NS,05-08-2026
PRAXIS.NS,05-08-2026
PRECAM.NS,05-08-2026
PRECOT.NS,05-08-2026
PRECWIRE.NS,05-08-2026
PREMCO.NS,05-08-2026
PREMEXPLN.NS,05-08-2026
PREMIER.NS,05-08-2026
PREMIERENE.NS,05-08-2026
PREMIERPOL.NS,05-08-2026
PRESTIGE.NS,05-08-2026
PRICOLLTD.NS,05-08-2026
PRIMESECU.NS,05-08-2026
PRIMO.NS,05-08-2026
PRINCEPIPE.NS,05-08-2026
PRITI.NS,05-08-2026
PRITIKAUTO.NS,05-08-2026
PRIVISCL.NS,05-08-2026
PROSTARM.NS,05-08-2026
PROTEAN.NS,05-08-2026
PROZONER.NS,05-08-2026
PRSMJOHNSN.NS,05-08-2026
PRUDENT.NS,05-08-2026
PRUDMOULI.NS,05-08-2026
PSB.NS,05-08-2026
PSPPROJECT.NS,05-08-2026
PTC.NS,05-08-2026
PTCIL.NS,05-08-2026
PTL.NS,05-08-2026
PUNJABCHEM.NS,05-08-2026
PURVA.NS,05-08-2026
PVP.NS,05-08-2026
PVRINOX.NS,05-08-2026
PVSL.NS,05-08-2026
PWL.NS,05-08-2026
PYRAMID.NS,05-08-2026
QPOWER.NS,05-08-2026
QUADFUTURE.NS,05-08-2026
QUESS.NS,05-08-2026
QUICKHEAL.NS,05-08-2026
QUINT.NS,05-08-2026
RACE.NS,05-08-2026
RACLGEAR.NS,05-08-2026
RADAAN.NS,05-08-2026
RADHIKAJWE.NS,05-08-2026
RADIANTCMS.NS,05-08-2026
RADICO.NS,05-08-2026
RADIOCITY.NS,05-08-2026
RAILTEL.NS,05-08-2026
RAIN.NS,05-08-2026
RAINBOW.NS,05-08-2026
RAJESHEXPO.NS,05-08-2026
RAJMET.NS,05-08-2026
RAJOOENG.NS,05-08-2026
RAJPALAYAM.NS,05-08-2026
RAJRATAN.NS,05-08-2026
RAJRILTD.NS,05-08-2026
RAJSREESUG.NS,05-08-2026
RAJTV.NS,05-08-2026
RALLIS.NS,05-08-2026
RAMANEWS.NS,05-08-2026
RAMAPHO.NS,05-08-2026
RAMASTEEL.NS,05-08-2026
RAMCOCEM.NS,05-08-2026
RAMCOIND.NS,05-08-2026
RAMCOSYS.NS,05-08-2026
RAMKY.NS,05-08-2026
RAMRAT.NS,05-08-2026
RANASUG.NS,05-08-2026
RANEHOLDIN.NS,05-08-2026
RATEGAIN.NS,05-08-2026
RATNAMANI.NS,05-08-2026
RATNAVEER.NS,05-08-2026
RAYMOND.NS,05-08-2026
RAYMONDLSL.NS,05-08-2026
RAYMONDREL.NS,05-08-2026
RBA.NS,05-08-2026
RBLBANK.NS,05-08-2026
RBZJEWEL.NS,05-08-2026
RCF.NS,05-08-2026
RCOM.NS,05-08-2026
RECLTD.NS,05-08-2026
REDINGTON.NS,05-08-2026
REDTAPE.NS,05-08-2026
REFEX.NS,05-08-2026
REGAAL.NS,05-08-2026
REGENCERAM.NS,05-08-2026
RELAXO.NS,05-08-2026
RELCHEMQ.NS,05-08-2026
RELIABLE.NS,05-08-2026
RELIANCE.NS,05-08-2026
RELIGARE.NS,05-08-2026
RELTD.NS,05-08-2026
REMSONSIND.NS,05-08-2026
RENUKA.NS,05-08-2026
REPCOHOME.NS,05-08-2026
REPL.NS,05-08-2026
REPRO.NS,05-08-2026
RESPONIND.NS,05-08-2026
RETAIL.NS,05-08-2026
RGL.NS,05-08-2026
RHETAN.NS,05-08-2026
RHFL.NS,05-08-2026
RHIM.NS,05-08-2026
RHL.NS,05-08-2026
RICOAUTO.NS,05-08-2026
RIIL.NS,05-08-2026
RISHABH.NS,05-08-2026
RITCO.NS,05-08-2026
RITES.NS,05-08-2026
RKDL.NS,05-08-2026
RKEC.NS,05-08-2026
RKFORGE.NS,05-08-2026
RKSWAMY.NS,05-08-2026
RMC.NS,05-08-2026
RMDRIP.NS,05-08-2026
RML.NS,05-08-2026
RNBDENIMS.NS,05-08-2026
ROHLTD.NS,05-08-2026
ROLEXRINGS.NS,05-08-2026
ROLLT.NS,05-08-2026
ROML.NS,05-08-2026
ROSSARI.NS,05-08-2026
ROSSELLIND.NS,05-08-2026
ROSSTECH.NS,05-08-2026
ROTO.NS,05-08-2026
ROUTE.NS,05-08-2026
RPEL.NS,05-08-2026
RPGLIFE.NS,05-08-2026
RPOWER.NS,05-08-2026
RPPINFRA.NS,05-08-2026
RPPL.NS,05-08-2026
RPSGVENT.NS,05-08-2026
RPTECH.NS,05-08-2026
RRIL.NS,05-08-2026
RRKABEL.NS,05-08-2026
RSDFIN.NS,05-08-2026
RSL.NS,05-08-2026
RSSOFTWARE.NS,05-08-2026
RSWM.NS,05-08-2026
RSYSTEMS.NS,05-08-2026
RTNINDIA.NS,05-08-2026
RTNPOWER.NS,05-08-2026
RUBFILA.NS,05-08-2026
RUBICON.NS,05-08-2026
RUBYMILLS.NS,05-08-2026
RUCHINFRA.NS,05-08-2026
RUCHIRA.NS,05-08-2026
RUDRA.NS,05-08-2026
RUPA.NS,05-08-2026
RUSHIL.NS,05-08-2026
RUSTOMJEE.NS,05-08-2026
RVHL.NS,05-08-2026
RVNL.NS,05-08-2026
RVTH.NS,05-08-2026
S&SPOWER.NS,05-08-2026
SAATVIKGL.NS,05-08-2026
SABEVENTS.NS,05-08-2026
SADBHAV.NS,05-08-2026
SADBHIN.NS,05-08-2026
SADHNANIQ.NS,05-08-2026
SAFARI.NS,05-08-2026
SAGARDEEP.NS,05-08-2026
SAGCEM.NS,05-08-2026
SAGILITY.NS,05-08-2026
SAHLIBHFI.NS,05-08-2026
SAHYADRI.NS,05-08-2026
SAIL.NS,05-08-2026
SAILIFE.NS,05-08-2026
SAIPARENT.NS,05-08-2026
SAKAR.NS,05-08-2026
SAKHTISUG.NS,05-08-2026
SAKSOFT.NS,05-08-2026
SAKUMA.NS,05-08-2026
SALASAR.NS,05-08-2026
SALONA.NS,05-08-2026
SALSTEEL.NS,05-08-2026
SALZERELEC.NS,05-08-2026
SAMBHAAV.NS,05-08-2026
SAMBHV.NS,05-08-2026
SAMHI.NS,05-08-2026
SAMMAANCAP.NS,05-08-2026
SAMPANN.NS,05-08-2026
SANATHAN.NS,05-08-2026
SANDESH.NS,05-08-2026
SANDHAR.NS,05-08-2026
SANDUMA.NS,05-08-2026
SANGAMIND.NS,05-08-2026
SANGHVIMOV.NS,05-08-2026
SANGINITA.NS,05-08-2026
SANOFI.NS,05-08-2026
SANOFICONR.NS,05-08-2026
SANSERA.NS,05-08-2026
SANSTAR.NS,05-08-2026
SANWARIA.NS,05-08-2026
SAPPHIRE.NS,05-08-2026
SAPPL.NS,05-08-2026
SARDAEN.NS,05-08-2026
SAREGAMA.NS,05-08-2026
SARLAPOLY.NS,05-08-2026
SARVESHWAR.NS,05-08-2026
SASKEN.NS,05-08-2026
SATIA.NS,05-08-2026
SATIN.NS,05-08-2026
SAURASHCEM.NS,05-08-2026
SAYAJIHOTL.NS,05-08-2026
SBC.NS,05-08-2026
SBCL.NS,05-08-2026
SBFC.NS,05-08-2026
SBGLP.NS,05-08-2026
SBICARD.NS,05-08-2026
SBILIFE.NS,05-08-2026
SBIN.NS,05-08-2026
SCANSTL.NS,05-08-2026
SCHAEFFLER.NS,05-08-2026
SCHAND.NS,05-08-2026
SCHNEIDER.NS,05-08-2026
SCI.NS,05-08-2026
SCILAL.NS,05-08-2026
SCODATUBES.NS,05-08-2026
SCPL.NS,05-08-2026
SDBL.NS,05-08-2026
SEAMECLTD.NS,05-08-2026
SECMARK.NS,05-08-2026
SECURKLOUD.NS,05-08-2026
SEDEMAC.NS,05-08-2026
SEIL.NS,05-08-2026
SEJALLTD.NS,05-08-2026
SELMC.NS,05-08-2026
SEMAC.NS,05-08-2026
SENCO.NS,05-08-2026
SENORES.NS,05-08-2026
SEPC.NS,05-08-2026
SERVOTECH.NS,05-08-2026
SESHAPAPER.NS,05-08-2026
SETCO.NS,05-08-2026
SETL.NS,05-08-2026
SETUINFRA.NS,05-08-2026
SEYAIND.NS,05-08-2026
SFL.NS,05-08-2026
SGFIN.NS,05-08-2026
SGIL.NS,05-08-2026
SGL.NS,05-08-2026
SGMART.NS,05-08-2026
SHADOWFAX.NS,05-08-2026
SHAH.NS,05-08-2026
SHAH-RE1.NS,05-08-2026
SHAHALLOYS.NS,05-08-2026
SHAILY.NS,05-08-2026
SHAKTIPUMP.NS,05-08-2026
SHALBY.NS,05-08-2026
SHALPAINTS.NS,05-08-2026
SHANKARA.NS,05-08-2026
SHANTI.NS,05-08-2026
SHANTIGEAR.NS,05-08-2026
SHANTIGOLD.NS,05-08-2026
SHARDACROP.NS,05-08-2026
SHARDAMOTR.NS,05-08-2026
SHARDUL.NS,05-08-2026
SHAREINDIA.NS,05-08-2026
SHBAJRG.NS,05-08-2026
SHEKHAWATI.NS,05-08-2026
SHEMAROO.NS,05-08-2026
SHILCTECH.NS,05-08-2026
SHILPAMED.NS,05-08-2026
SHINDL.NS,05-08-2026
SHIVALIK.NS,05-08-2026
SHIVAMAUTO.NS,05-08-2026
SHIVAMILLS.NS,05-08-2026
SHIVATEX.NS,05-08-2026
SHIVAUM.NS,05-08-2026
SHK.NS,05-08-2026
SHOPERSTOP.NS,05-08-2026
SHRADHA.NS,05-08-2026
SHREDIGCEM.NS,05-08-2026
SHREECEM.NS,05-08-2026
SHREEJISPG.NS,05-08-2026
SHREEPUSHK.NS,05-08-2026
SHREERAMA.NS,05-08-2026
SHRENIK.NS,05-08-2026
SHREYANIND.NS,05-08-2026
SHRIKRISH.NS,05-08-2026
SHRINGARMS.NS,05-08-2026
SHRIPISTON.NS,05-08-2026
SHRIRAMFIN.NS,05-08-2026
SHRIRAMPPS.NS,05-08-2026
SHYAMCENT.NS,05-08-2026
SHYAMMETL.NS,05-08-2026
SHYAMTEL.NS,05-08-2026
SICAGEN.NS,05-08-2026
SICALLOG.NS,05-08-2026
SIEMENS.NS,05-08-2026
SIGACHI.NS,05-08-2026
SIGIND.NS,05-08-2026
SIGMA.NS,05-08-2026
SIGMAADV.NS,05-08-2026
SIGNATURE.NS,05-08-2026
SIGNPOST.NS,05-08-2026
SIKA.NS,05-08-2026
SIKKO.NS,05-08-2026
SIL.NS,05-08-2026
SILGO.NS,05-08-2026
SILINV.NS,05-08-2026
SILLYMONKS.NS,05-08-2026
SILVERTUC.NS,05-08-2026
SIMBHALS.NS,05-08-2026
SIMPLEXINF.NS,05-08-2026
SINCLAIR.NS,05-08-2026
SINDHUTRAD.NS,05-08-2026
SINGERIND.NS,05-08-2026
SINTERCOM.NS,05-08-2026
SIRCA.NS,05-08-2026
SIS.NS,05-08-2026
SITINET.NS,05-08-2026
SIYSIL.NS,05-08-2026
SJS.NS,05-08-2026
SJVN.NS,05-08-2026
SKFINDIA.NS,05-08-2026
SKFINDUS.NS,05-08-2026
SKIPPER.NS,05-08-2026
SKMEGGPROD.NS,05-08-2026
SKYGOLD.NS,05-08-2026
SMARTLINK.NS,05-08-2026
SMARTWORKS.NS,05-08-2026
SMCGLOBAL.NS,05-08-2026
SMLMAH.NS,05-08-2026
SMLT.NS,05-08-2026
SMSPHARMA.NS,05-08-2026
SNOWMAN.NS,05-08-2026
SOBHA.NS,05-08-2026
SOFTTECH.NS,05-08-2026
SOLARA.NS,05-08-2026
SOLARINDS.NS,05-08-2026
SOLARWORLD.NS,05-08-2026
SOLEX.NS,05-08-2026
SOMANYCERA.NS,05-08-2026
SOMATEX.NS,05-08-2026
SOMICONVEY.NS,05-08-2026
SONACOMS.NS,05-08-2026
SONAL.NS,05-08-2026
SONAMLTD.NS,05-08-2026
SONATSOFTW.NS,05-08-2026
SOTL.NS,05-08-2026
SOUTHBANK.NS,05-08-2026
SOUTHWEST.NS,05-08-2026
SPAL.NS,05-08-2026
SPANDANA.NS,05-08-2026
SPARC.NS,05-08-2026
SPCENET.NS,05-08-2026
SPECIALITY.NS,05-08-2026
SPECTRUM.NS,05-08-2026
SPENCERS.NS,05-08-2026
SPIC.NS,05-08-2026
SPLIL.NS,05-08-2026
SPLPETRO.NS,05-08-2026
SPMLINFRA.NS,05-08-2026
SPORTKING.NS,05-08-2026
SRD.NS,05-08-2026
SREEL.NS,05-08-2026
SRF.NS,05-08-2026
SRGHFL.NS,05-08-2026
SRHHYPOLTD.NS,05-08-2026
SRM.NS,05-08-2026
SRTL.NS,05-08-2026
SSDL.NS,05-08-2026
SSWL.NS,05-08-2026
STALLION.NS,05-08-2026
STANLEY.NS,05-08-2026
STAR.NS,05-08-2026
STARCEMENT.NS,05-08-2026
STARHEALTH.NS,05-08-2026
STARPAPER.NS,05-08-2026
STARTECK.NS,05-08-2026
STCINDIA.NS,05-08-2026
STEELCAS.NS,05-08-2026
STEELCITY.NS,05-08-2026
STEELXIND.NS,05-08-2026
STEL.NS,05-08-2026
STERTOOLS.NS,05-08-2026
STLNETWORK.NS,05-08-2026
STLTECH.NS,05-08-2026
STOVEKRAFT.NS,05-08-2026
STUDDS.NS,05-08-2026
STYL.NS,05-08-2026
STYLAMIND.NS,05-08-2026
STYLEBAAZA.NS,05-08-2026
STYRENIX.NS,05-08-2026
SUBEXLTD.NS,05-08-2026
SUBROS.NS,05-08-2026
SUDARCOLOR.NS,05-08-2026
SUDARSCHEM.NS,05-08-2026
SUDEEPPHRM.NS,05-08-2026
SUKHJITS.NS,05-08-2026
SULA.NS,05-08-2026
SUMEETINDS.NS,05-08-2026
SUMICHEM.NS,05-08-2026
SUMIT.NS,05-08-2026
SUMMITSEC.NS,05-08-2026
SUNCLAY.NS,05-08-2026
SUNDARAM.NS,05-08-2026
SUNDARMFIN.NS,05-08-2026
SUNDRMBRAK.NS,05-08-2026
SUNDRMFAST.NS,05-08-2026
SUNDROP.NS,05-08-2026
SUNFLAG.NS,05-08-2026
SUNPHARMA.NS,05-08-2026
SUNTECK.NS,05-08-2026
SUNTV.NS,05-08-2026
SUPERHOUSE.NS,05-08-2026
SUPERSPIN.NS,05-08-2026
SUPRAJIT.NS,05-08-2026
SUPREME.NS,05-08-2026
SUPREMEENG.NS,05-08-2026
SUPREMEIND.NS,05-08-2026
SUPREMEINF.NS,05-08-2026
SUPRIYA.NS,05-08-2026
SURAJEST.NS,05-08-2026
SURAJLTD.NS,05-08-2026
SURAKSHA.NS,05-08-2026
SURANASOL.NS,05-08-2026
SURANAT&P.NS,05-08-2026
SURYALA.NS,05-08-2026
SURYALAXMI.NS,05-08-2026
SURYAROSNI.NS,05-08-2026
SURYODAY.NS,05-08-2026
SUTLEJTEX.NS,05-08-2026
SUVEN.NS,05-08-2026
SUVIDHAA.NS,05-08-2026
SUYOG.NS,05-08-2026
SUZLON.NS,05-08-2026
SVLL.NS,05-08-2026
SVPGLOB.NS,05-08-2026
SWANCORP.NS,05-08-2026
SWANDEF.NS,05-08-2026
SWARAJENG.NS,05-08-2026
SWELECTES.NS,05-08-2026
SWIGGY.NS,05-08-2026
SWSOLAR.NS,05-08-2026
SYMPHONY.NS,05-08-2026
SYNCOMF.NS,05-08-2026
SYNGENE.NS,05-08-2026
SYRMA.NS,05-08-2026
SYSTMTXC.NS,05-08-2026
TAALTECH.NS,05-08-2026
TAINWALCHM.NS,05-08-2026
TAJGVK.NS,05-08-2026
TAKE.NS,05-08-2026
TALBROAUTO.NS,05-08-2026
TAMBOLIIN.NS,05-08-2026
TANLA.NS,05-08-2026
TARACHAND.NS,05-08-2026
TARAPUR.NS,05-08-2026
TARC.NS,05-08-2026
TARIL.NS,05-08-2026
TARMAT.NS,05-08-2026
TARSONS.NS,05-08-2026
TASTYBITE.NS,05-08-2026
TATACAP.NS,05-08-2026
TATACHEM.NS,05-08-2026
TATACOMM.NS,05-08-2026
TATACONSUM.NS,05-08-2026
TATAELXSI.NS,05-08-2026
TATAINVEST.NS,05-08-2026
TATAPOWER.NS,05-08-2026
TATASTEEL.NS,05-08-2026
TATATECH.NS,05-08-2026
TATVA.NS,05-08-2026
TBOTEK.NS,05-08-2026
TBZ.NS,05-08-2026
TCC.NS,05-08-2026
TCI.NS,05-08-2026
TCIEXP.NS,05-08-2026
TCIFINANCE.NS,05-08-2026
TCPLPACK.NS,05-08-2026
TCS.NS,05-08-2026
TDPOWERSYS.NS,05-08-2026
TEAMGTY.NS,05-08-2026
TEAMLEASE.NS,05-08-2026
TECHM.NS,05-08-2026
TECHNOE.NS,05-08-2026
TECHNVISN.NS,05-08-2026
TECILCHEM.NS,05-08-2026
TEGA.NS,05-08-2026
TEJASNET.NS,05-08-2026
TEMBO.NS,05-08-2026
TENNIND.NS,05-08-2026
TERASOFT.NS,05-08-2026
TEXINFRA.NS,05-08-2026
TEXMOPIPES.NS,05-08-2026
TEXRAIL.NS,05-08-2026
TFCILTD.NS,05-08-2026
TFL.NS,05-08-2026
TGBHOTELS.NS,05-08-2026
THACKER.NS,05-08-2026
THAKDEV.NS,05-08-2026
THANGAMAYL.NS,05-08-2026
THEINVEST.NS,05-08-2026
THEJO.NS,05-08-2026
THELEELA.NS,05-08-2026
THEMISMED.NS,05-08-2026
THERMAX.NS,05-08-2026
THOMASCOOK.NS,05-08-2026
THOMASCOTT.NS,05-08-2026
THYROCARE.NS,05-08-2026
TI.NS,05-08-2026
TICL.NS,05-08-2026
TIGERLOGS.NS,05-08-2026
TIIL.NS,05-08-2026
TIINDIA.NS,05-08-2026
TIJARIA.NS,05-08-2026
TIL.NS,05-08-2026
TIMETECHNO.NS,05-08-2026
TIMEX.NS,05-08-2026
TIMKEN.NS,05-08-2026
TINNARUBR.NS,05-08-2026
TIPSFILMS.NS,05-08-2026
TIPSMUSIC.NS,05-08-2026
TIRUMALCHM.NS,05-08-2026
TIRUPATIFL.NS,05-08-2026
TITAGARH.NS,05-08-2026
TITAN.NS,05-08-2026
TMB.NS,05-08-2026
TMCV.NS,05-08-2026
TMPV.NS,05-08-2026
TNPETRO.NS,05-08-2026
TNPL.NS,05-08-2026
TNTELE.NS,05-08-2026
TOKYOPLAST.NS,05-08-2026
TOLINS.NS,05-08-2026
TORNTPHARM.NS,05-08-2026
TORNTPOWER.NS,05-08-2026
TOTAL.NS,05-08-2026
TOUCHWOOD.NS,05-08-2026
TPHQ.NS,05-08-2026
TPLPLASTEH.NS,05-08-2026
TRACXN.NS,05-08-2026
TRANSPEK.NS,05-08-2026
TRANSRAILL.NS,05-08-2026
TRANSWORLD.NS,05-08-2026
TRAVELFOOD.NS,05-08-2026
TREEHOUSE.NS,05-08-2026
TREJHARA.NS,05-08-2026
TREL.NS,05-08-2026
TRENT.NS,05-08-2026
TRF.NS,05-08-2026
TRIDENT.NS,05-08-2026
TRIGYN.NS,05-08-2026
TRITURBINE.NS,05-08-2026
TRIVENI.NS,05-08-2026
TRU.NS,05-08-2026
TRUALT.NS,05-08-2026
TSFINV.NS,05-08-2026
TTKHLTCARE.NS,05-08-2026
TTKPRESTIG.NS,05-08-2026
TTL.NS,05-08-2026
TTML.NS,05-08-2026
TVSELECT.NS,05-08-2026
TVSHLTD.NS,05-08-2026
TVSMOTOR.NS,05-08-2026
TVSSCS.NS,05-08-2026
TVSSRICHAK.NS,05-08-2026
TVTODAY.NS,05-08-2026
TVVISION.NS,05-08-2026
UBL.NS,05-08-2026
UCAL.NS,05-08-2026
UCOBANK.NS,05-08-2026
UDS.NS,05-08-2026
UEL.NS,05-08-2026
UFBL.NS,05-08-2026
UFLEX.NS,05-08-2026
UFO.NS,05-08-2026
UGARSUGAR.NS,05-08-2026
UGROCAP.NS,05-08-2026
UJJIVANSFB.NS,05-08-2026
ULTRACEMCO.NS,05-08-2026
ULTRAMAR.NS,05-08-2026
UMAEXPORTS.NS,05-08-2026
UMESLTD.NS,05-08-2026
UMIYA-MRO.NS,05-08-2026
UNICHEMLAB.NS,05-08-2026
UNIDT.NS,05-08-2026
UNIECOM.NS,05-08-2026
UNIENTER.NS,05-08-2026
UNIINFO.NS,05-08-2026
UNIMECH.NS,05-08-2026
UNIONBANK.NS,05-08-2026
UNIPARTS.NS,05-08-2026
UNITDSPR.NS,05-08-2026
UNITECH.NS,05-08-2026
UNITEDPOLY.NS,05-08-2026
UNITEDTEA.NS,05-08-2026
UNIVASTU.NS,05-08-2026
UNIVCABLES.NS,05-08-2026
UNIVPHOTO.NS,05-08-2026
UNOMINDA.NS,05-08-2026
UPL.NS,05-08-2026
URAVIDEF.NS,05-08-2026
URBANCO.NS,05-08-2026
URJA.NS,05-08-2026
USHAMART.NS,05-08-2026
USK.NS,05-08-2026
UTIAMC.NS,05-08-2026
UTKARSHBNK.NS,05-08-2026
UTLSOLAR.NS,05-08-2026
UTTAMSUGAR.NS,05-08-2026
UYFINCORP.NS,05-08-2026
V2RETAIL.NS,05-08-2026
VADILALIND.NS,05-08-2026
VAIBHAVGBL.NS,05-08-2026
VAISHALI.NS,05-08-2026
VAKRANGEE.NS,05-08-2026
VALIANTLAB.NS,05-08-2026
VALIANTORG.NS,05-08-2026
VARDHACRLC.NS,05-08-2026
VARDMNPOLY.NS,05-08-2026
VARROC.NS,05-08-2026
VASCONEQ.NS,05-08-2026
VASWANI.NS,05-08-2026
VBL.NS,05-08-2026
VCL.NS,05-08-2026
VEDL.NS,05-08-2026
VEEDOL.NS,05-08-2026
VELJAN.NS,05-08-2026
VENKEYS.NS,05-08-2026
VENTIVE.NS,05-08-2026
VENUSPIPES.NS,05-08-2026
VENUSREM.NS,05-08-2026
VERANDA.NS,05-08-2026
VERTOZ.NS,05-08-2026
VESUVIUS.NS,05-08-2026
VETO.NS,05-08-2026
VGL.NS,05-08-2026
VGUARD.NS,05-08-2026
VHL.NS,05-08-2026
VHLTD.NS,05-08-2026
VIDHIING.NS,05-08-2026
VIDYAWIRES.NS,05-08-2026
VIJAYA.NS,05-08-2026
VIJIFIN.NS,05-08-2026
VIKASECO.NS,05-08-2026
VIKASLIFE.NS,05-08-2026
VIKRAMSOLR.NS,05-08-2026
VIKRAN.NS,05-08-2026
VIMTALABS.NS,05-08-2026
VINATIORGA.NS,05-08-2026
VINCOFE.NS,05-08-2026
VINDHYATEL.NS,05-08-2026
VINEETLAB.NS,05-08-2026
VINNY.NS,05-08-2026
VINYLINDIA.NS,05-08-2026
VIPCLOTHNG.NS,05-08-2026
VIPIND.NS,05-08-2026
VIPULLTD.NS,05-08-2026
VIRINCHI.NS,05-08-2026
VISACHROME.NS,05-08-2026
VISAKAIND.NS,05-08-2026
VISHNU.NS,05-08-2026
VISHWARAJ.NS,05-08-2026
VITAL.NS,05-08-2026
VIVIANA.NS,05-08-2026
VIVIDHA.NS,05-08-2026
VIVIMEDLAB.NS,05-08-2026
VIYASH.NS,05-08-2026
VLEGOV.NS,05-08-2026
VLSFINANCE.NS,05-08-2026
VMART.NS,05-08-2026
VMM.NS,05-08-2026
VMSTMT.NS,05-08-2026
VOLTAMP.NS,05-08-2026
VOLTAS.NS,05-08-2026
VPRPL.NS,05-08-2026
VRAJ.NS,05-08-2026
VRLLOG.NS,05-08-2026
VSSL.NS,05-08-2026
VSTIND.NS,05-08-2026
VSTL.NS,05-08-2026
VSTTILLERS.NS,05-08-2026
VTL.NS,05-08-2026
WAAREEENER.NS,05-08-2026
WAAREEINDO.NS,05-08-2026
WAAREERTL.NS,05-08-2026
WABAG.NS,05-08-2026
WAKEFIT.NS,05-08-2026
WALCHANNAG.NS,05-08-2026
WANBURY.NS,05-08-2026
WCIL.NS,05-08-2026
WEALTH.NS,05-08-2026
WEBELSOLAR.NS,05-08-2026
WEIZMANIND.NS,05-08-2026
WEL.NS,05-08-2026
WELCORP.NS,05-08-2026
WELENT.NS,05-08-2026
WELINV.NS,05-08-2026
WELSPLSOL.NS,05-08-2026
WELSPUNLIV.NS,05-08-2026
WENDT.NS,05-08-2026
WESTLIFE.NS,05-08-2026
WEWIN.NS,05-08-2026
WEWORK.NS,05-08-2026
WHEELS.NS,05-08-2026
WHIRLPOOL.NS,05-08-2026
WILLAMAGOR.NS,05-08-2026
WINDLAS.NS,05-08-2026
WINDMACHIN.NS,05-08-2026
WINSOME.NS,05-08-2026
WIPL.NS,05-08-2026
WIPRO.NS,05-08-2026
WOCKPHARMA.NS,05-08-2026
WONDERLA.NS,05-08-2026
WORTHPERI.NS,05-08-2026
WPIL.NS,05-08-2026
WSI.NS,05-08-2026
WSTCSTPAPR.NS,05-08-2026
XCHANGING.NS,05-08-2026
XELPMOC.NS,05-08-2026
XPROINDIA.NS,05-08-2026
XTGLOBAL.NS,05-08-2026
YASHO.NS,05-08-2026
YATHARTH.NS,05-08-2026
YATRA.NS,05-08-2026
YESBANK.NS,05-08-2026
YUKEN.NS,05-08-2026
ZAGGLE.NS,05-08-2026
ZEEL.NS,05-08-2026
ZEELEARN.NS,05-08-2026
ZEEMEDIA.NS,05-08-2026
ZENITHEXPO.NS,05-08-2026
ZENITHSTL.NS,05-08-2026
ZENSARTECH.NS,05-08-2026
ZENTEC.NS,05-08-2026
ZFCVINDIA.NS,05-08-2026
ZFSTEERING.NS,05-08-2026
ZIMLAB.NS,05-08-2026
ZODIAC.NS,05-08-2026
ZODIACLOTH.NS,05-08-2026
ZOTA.NS,05-08-2026
ZSARACOM.NS,05-08-2026
ZUARI.NS,05-08-2026
ZUARIIND.NS,05-08-2026
ZYDUSLIFE.NS,05-08-2026
ZYDUSWELL.NS,05-08-2026
